customer_id,first_name,last_name,address,phone,email
1,Feliciana,Cantón,"Pasaje Bolívar N28-542, Sector La Carolina, Guayaquil, Guayas","+593-982966771","feliciana.canton@gmail.com"
2,Amador,Llopis,"Av. Bolívar N37-464, Sector San Juan, Quito, Pichincha","+593-936299891","amador.llopis@gmail.com"
3,Jose Ignacio,Godoy,"Pasaje Eloy Alfaro N32-253, Sector Carcelén, Quito, Pichincha","+593-943539636","jose_ignacio.godoy@gmail.com"
4,Emilio,Calatayud,"Avenida 9 de Octubre N49-134, Sector Los Chillos, Quito, Pichincha","+593-946813400","emilio.calatayud@gmail.com"
5,Inmaculada,Bonet,"Av. Simón Bolívar N15-857, Sector Carcelén, Esmeraldas, Esmeraldas","+593-996216916","inmaculada.bonet@gmail.com"
6,Dominga,Roca,"Avenida Bolívar N16-575, Sector Centro, Loja, Loja","+593-912265877","dominga.roca@gmail.com"
7,Amílcar,Andrés,"Pasaje Patria N21-380, Sector San Juan, Ambato, Tungurahua","+593-943395531","amilcar.andres@gmail.com"
8,Ciro,Gil,"Avenida Shyris N19-464, Sector Santa Rosa, Quito, Pichincha","+593-941262614","ciro.gil@gmail.com"
9,Joan,Vazquez,"Av. Bolívar N20-389, Sector La Floresta, Cuenca, Azuay","+593-925106163","joan.vazquez@gmail.com"
10,Eligia,Amor,"Calle Olmedo N35-223, Sector San Juan, Quito, Pichincha","+593-959801852","eligia.amor@gmail.com"
11,Chelo,Flor,"Av. 10 de Agosto N12-861, Sector Bellavista, Ambato, Tungurahua","+593-951214851","chelo.flor@gmail.com"
12,Lilia,Rivas,"Pasaje 10 de Agosto N44-649, Sector Bellavista, Esmeraldas, Esmeraldas","+593-981950521","lilia.rivas@gmail.com"
13,Isidro,Sanchez,"Av. 9 de Octubre N38-842, Sector Carcelén, Quito, Pichincha","+593-960047182","isidro.sanchez@gmail.com"
14,Dolores,Lobo,"Pasaje Amazonas N40-724, Sector Bellavista, Guayaquil, Guayas","+593-950627466","dolores.lobo@gmail.com"
15,Nydia,Agudo,"Calle 9 de Octubre N25-716, Sector El Bosque, Quito, Pichincha","+593-961065125","nydia.agudo@gmail.com"
16,Martina,Cuervo,"Calle Eloy Alfaro N4-273, Sector San Blas, Guayaquil, Guayas","+593-945173637","martina.cuervo@gmail.com"
17,José,Rocamora,"Pasaje Gran Colombia N12-180, Sector La Floresta, Quito, Pichincha","+593-994193397","jose.rocamora@gmail.com"
18,Noé,Lobo,"Av. Gran Colombia N14-137, Sector Los Chillos, Manta, Manabí","+593-954670108","noe.lobo@gmail.com"
19,Fabricio,Garrido,"Pasaje 10 de Agosto N7-279, Sector La Carolina, Quito, Pichincha","+593-940700783","fabricio.garrido@gmail.com"
20,María Carmen,Navarro,"Calle Patria N28-261, Sector La Floresta, Cuenca, Azuay","+593-966042275","maria_carmen.navarro@gmail.com"
21,Cristian,Bru,"Pasaje 9 de Octubre N9-495, Sector La Floresta, Quito, Pichincha","+593-910504013","cristian.bru@gmail.com"
22,Ricardo,Caballero,"Av. Patria N6-938, Sector Carcelén, Quito, Pichincha","+593-901873910","ricardo.caballero@gmail.com"
23,Plinio,Núñez,"Calle Bolívar N32-648, Sector Carcelén, Ibarra, Imbabura","+593-969835481","plinio.nunez@gmail.com"
24,Elisabet,Lamas,"Pasaje 9 de Octubre N32-960, Sector La Floresta, Guayaquil, Guayas","+593-972004699","elisabet.lamas@gmail.com"
25,Noemí,Aroca,"Calle Bolívar N31-680, Sector Bellavista, Quito, Pichincha","+593-999266155","noemi.aroca@gmail.com"
26,Luna,Segovia,"Calle Olmedo N41-288, Sector Centro, Guayaquil, Guayas","+593-987913935","luna.segovia@gmail.com"
27,Brunilda,Casanovas,"Avenida Bolívar N30-630, Sector Bellavista, Ambato, Tungurahua","+593-900692188","brunilda.casanovas@gmail.com"
28,Ágata,Pinedo,"Avenida Gran Colombia N43-764, Sector Los Chillos, Cuenca, Azuay","+593-985828346","agata.pinedo@gmail.com"
29,Cayetano,Marcos,"Calle Shyris N42-382, Sector San Blas, Guayaquil, Guayas","+593-949860413","cayetano.marcos@gmail.com"
30,Paula,Pardo,"Av. Simón Bolívar N27-139, Sector Los Chillos, Quito, Pichincha","+593-954845269","paula.pardo@gmail.com"
31,Crescencia,Fernandez,"Pasaje Gran Colombia N25-817, Sector Centro, Riobamba, Chimborazo","+593-971495701","crescencia.fernandez@gmail.com"
32,Julie,Baños,"Calle 9 de Octubre N6-637, Sector La Floresta, Quito, Pichincha","+593-996017954","julie.banos@gmail.com"
33,Artemio,Goñi,"Calle Olmedo N24-136, Sector Carcelén, Cuenca, Azuay","+593-992189620","artemio.goni@gmail.com"
34,María Teresa,Mancebo,"Avenida Amazonas N26-678, Sector El Bosque, Quito, Pichincha","+593-988692841","maria_teresa.mancebo@gmail.com"
35,Cebrián,Guerrero,"Av. Simón Bolívar N26-814, Sector Bellavista, Quito, Pichincha","+593-922500434","cebrian.guerrero@gmail.com"
36,Roxana,Cabrero,"Avenida Amazonas N19-560, Sector Carcelén, Ambato, Tungurahua","+593-958359593","roxana.cabrero@gmail.com"
37,Ricardo,Lobo,"Calle Olmedo N46-588, Sector Bellavista, Quito, Pichincha","+593-949123131","ricardo.lobo@gmail.com"
38,Wilfredo,Patiño,"Calle Gran Colombia N47-866, Sector Santa Rosa, Guayaquil, Guayas","+593-969930440","wilfredo.patino@gmail.com"
39,Fermín,Pellicer,"Av. Bolívar N24-100, Sector San Blas, Quito, Pichincha","+593-953984444","fermin.pellicer@gmail.com"
40,Pedro,Gallego,"Calle Patria N9-111, Sector San Blas, Quito, Pichincha","+593-944532516","pedro.gallego@gmail.com"
41,Herminia,Lasa,"Calle Bolívar N20-446, Sector La Carolina, Loja, Loja","+593-915003006","herminia.lasa@gmail.com"
42,Judith,Bellido,"Avenida La República N35-872, Sector San Juan, Guayaquil, Guayas","+593-996748855","judith.bellido@gmail.com"
43,Emelina,Donoso,"Avenida Gran Colombia N29-257, Sector Centro, Loja, Loja","+593-945553653","emelina.donoso@gmail.com"
44,Bibiana,Hierro,"Pasaje Gran Colombia N28-705, Sector Los Chillos, Quito, Pichincha","+593-967614351","bibiana.hierro@gmail.com"
45,Fernando,Sevilla,"Avenida La República N18-423, Sector El Bosque, Guayaquil, Guayas","+593-939522001","fernando.sevilla@gmail.com"
46,Reynaldo,Lerma,"Pasaje Gran Colombia N31-438, Sector Bellavista, Quito, Pichincha","+593-999799858","reynaldo.lerma@gmail.com"
47,Ángela,Gimenez,"Avenida 9 de Octubre N36-434, Sector San Juan, Quito, Pichincha","+593-966561186","angela.gimenez@gmail.com"
48,Isidora,Morata,"Avenida Olmedo N1-748, Sector San Juan, Guayaquil, Guayas","+593-956911058","isidora.morata@gmail.com"
49,Pía,Barba,"Avenida Simón Bolívar N22-947, Sector El Bosque, Quito, Pichincha","+593-986200228","pia.barba@gmail.com"
50,Jenaro,Antón,"Pasaje 9 de Octubre N20-330, Sector El Bosque, Cuenca, Azuay","+593-945410440","jenaro.anton@gmail.com"
